{
  "original_conditions": 581,
  "cleaned_conditions": 559,
  "unique_combinations": 559,
  "parameter_stats": {
    "pH": {
      "min": 5.690127447955128,
      "max": 8.231621056242643,
      "mean": 6.984787651466838
    },
    "temp": {
      "min": 273.7612067337104,
      "max": 323.7335980324986,
      "mean": 299.1289287436661
    },
    "O2": {
      "min": 0.08230394325490226,
      "max": 0.34008415570901973,
      "mean": 0.2141508857885012
    },
    "redox": {
      "min": -0.5124667317590621,
      "max": 0.4462600292385265,
      "mean": 0.0012217962343955063
    }
  }
}