{
  "metadata": {
    "timestamp": "2025-07-15T22:41:02.183960",
    "system": "Comprehensive Data Expansion System",
    "target_accuracy": "96.4%",
    "total_sources": 162
  },
  "integration_results": {
    "total_sources": 162,
    "successful_integrations": 144,
    "failed_integrations": 18,
    "domain_statistics": {
      "astrobiology": {
        "successful": 29,
        "failed": 7,
        "quality_scores": [
          0.9974999999999999,
          0.987,
          0.9660000000000001,
          0.9555000000000001,
          0.9765000000000001,
          0.9450000000000001,
          0.9345000000000001,
          0.9135,
          0.903,
          0.8925,
          0.882,
          0.9555000000000001,
          0.924,
          0.9135,
          0.9345000000000001,
          0.9974999999999999,
          0.9135,
          0.987,
          0.9660000000000001,
          0.9450000000000001,
          0.8925,
          0.8714999999999999,
          0.8400000000000001,
          0.8190000000000001,
          0.7875000000000001,
          0.777,
          0.7665,
          0.7560000000000001,
          0.7455000000000002
        ],
        "processing_times": [
          2.5653100714262114,
          0.5636118013072215,
          0.9392258950303429,
          1.2153820311339099,
          1.6639583859153917,
          0.7739651416612856,
          0.860399210615304,
          1.9738001151156261,
          1.7647745105193986,
          2.4612892649436056,
          2.02792155528132,
          1.829331424722082,
          2.0646855415618512,
          1.3269080133569955,
          2.8225725938519517,
          2.7609265558891165,
          2.0751741269014508,
          1.3437877936829172,
          0.801993456301126,
          0.9419984276580469,
          1.205270903426616,
          1.7061169499187963,
          1.6947756551030675,
          1.2990810354965607,
          1.973824449070823,
          1.3800853094396286,
          0.5306970126468644,
          1.2646482844667426,
          2.54724895793158
        ]
      },
      "climate": {
        "successful": 28,
        "failed": 2,
        "quality_scores": [
          1.0,
          0.9974999999999999,
          1.0,
          0.9765000000000001,
          0.9555000000000001,
          1.0,
          0.9660000000000001,
          0.9555000000000001,
          0.9765000000000001,
          0.987,
          0.9660000000000001,
          0.9345000000000001,
          0.924,
          0.9765000000000001,
          0.9555000000000001,
          0.9345000000000001,
          0.903,
          0.9135,
          0.8925,
          0.882,
          0.8714999999999999,
          0.861,
          0.8504999999999999,
          0.84,
          0.8295000000000001,
          0.8190000000000001,
          0.8085000000000001,
          0.798
        ],
        "processing_times": [
          1.094377769295831,
          1.1477990242397236,
          0.8206540253386725,
          2.690706947621188,
          2.940681028047079,
          1.6684350862962858,
          2.700376539196733,
          1.0888671104844823,
          0.917270142052176,
          2.4252791396204936,
          2.4975111510310146,
          1.5728608557262487,
          2.2841288890421416,
          1.3378752365638773,
          2.625309785625597,
          2.1300547205757985,
          2.0859326976633064,
          0.7672703636006912,
          0.5995857296157421,
          0.9228331781013259,
          1.3129932692389252,
          0.691164026573184,
          0.9468344809016724,
          1.5091321649156992,
          0.9329860223998128,
          1.250648441141861,
          1.8760447128916304,
          1.9158138268551794
        ]
      },
      "genomics": {
        "successful": 30,
        "failed": 3,
        "quality_scores": [
          0.9974999999999999,
          1.0,
          0.987,
          0.9765000000000001,
          1.0,
          0.9974999999999999,
          0.9660000000000001,
          0.9555000000000001,
          0.987,
          0.9660000000000001,
          0.9135,
          0.9974999999999999,
          0.9765000000000001,
          0.987,
          0.9660000000000001,
          0.9555000000000001,
          0.924,
          0.9450000000000001,
          0.903,
          0.9765000000000001,
          0.9555000000000001,
          0.9345000000000001,
          0.8925,
          0.882,
          0.8714999999999999,
          0.8504999999999999,
          0.8295000000000001,
          0.8190000000000001,
          0.8085000000000001,
          0.798
        ],
        "processing_times": [
          1.0282556547510464,
          2.2256291468448746,
          1.618139533978877,
          1.712360529147681,
          2.127424040610407,
          1.6094731092872552,
          1.1682612563868582,
          0.7984545807444605,
          0.5965756586616051,
          0.6569404319396608,
          2.920868523026357,
          2.0082735500524658,
          0.7845480113262383,
          0.979886724396845,
          1.2803001846681412,
          1.1328468413266957,
          1.9295459965695687,
          1.9488578176016207,
          1.7462789510445544,
          0.8698361094316771,
          0.6537074325384075,
          0.7770261174641555,
          2.315600579903401,
          1.494170081167029,
          1.8945267293990706,
          2.1457718343320895,
          2.2181876310706556,
          1.1715296305115053,
          1.8212671172855779,
          2.3420432092857566
        ]
      },
      "spectroscopy": {
        "successful": 29,
        "failed": 4,
        "quality_scores": [
          1.0,
          0.9974999999999999,
          0.987,
          0.9765000000000001,
          0.9660000000000001,
          0.9345000000000001,
          0.924,
          0.9555000000000001,
          0.9974999999999999,
          0.9765000000000001,
          0.9135,
          0.9660000000000001,
          0.9555000000000001,
          0.9450000000000001,
          0.924,
          0.9345000000000001,
          0.987,
          0.9135,
          1.0,
          0.9974999999999999,
          0.9555000000000001,
          0.9765000000000001,
          0.8925,
          0.8714999999999999,
          0.861,
          0.84,
          0.8295000000000001,
          0.8085000000000001,
          0.798
        ],
        "processing_times": [
          1.86844081076577,
          1.1278702980692952,
          0.6616874275211324,
          2.6009937755157164,
          1.45664970396407,
          1.1579855158412673,
          1.5612909965902255,
          2.8220141194407806,
          1.3015355466159484,
          2.7931768224055475,
          0.7571560100504866,
          1.1701655251911285,
          1.0467464840924883,
          1.7565098661251872,
          0.8158486428478156,
          2.878144704543064,
          1.597876304950405,
          2.1167651835165717,
          1.3058978486568456,
          1.2423964481122671,
          1.294768201171815,
          1.513001821388353,
          2.002781460515839,
          2.9508397143751726,
          1.7093071726898303,
          1.277596362136784,
          2.902979572176976,
          1.4268306055300914,
          2.246131745676882
        ]
      },
      "stellar": {
        "successful": 28,
        "failed": 2,